38,Deonne Shuker,dshuker11@elegantthemes.com
249,Gustaf Maggiore,gmaggiore6w@vk.com
320,Herschel Orrey,horrey8v@privacy.gov.au
383,Bary Van Daalen,bvandaalenam@jugem.jp
408,Cheryl Berthouloume,cberthouloumebb@godaddy.com
427,Fulvia Bertson,fbertsonbu@ihg.com
473,Gunilla Lere,glered4@delicious.com
528,Claudelle Efford,cefforden@constantcontact.com
554,Perri Tower,ptowerfd@blinklist.com
574,Fredek Willarton,fwillartonfx@cafepress.com
589,Gaven Petyt,gpetytgc@etsy.com
642,Avivah Brooker,abrookerht@exblog.jp
773,Biddy Soreau,bsoreaulg@independent.co.uk
774,Cristal Blasiak,cblasiaklh@blogs.com
824,Gail Castro,gcastromv@hp.com
843,Em Stout,estoutne@webmd.com
862,Tanny Seemmonds,tseemmondsnx@geocities.jp
902,Doy O'Hanley,dohanleyp1@fema.gov
